BEGIN TRANSACTION;
CREATE TABLE "auth_group" ("id" integer NOT NULL PRIMARY KEY AUTOINCREMENT, "name" varchar(150) NOT NULL UNIQUE);
CREATE TABLE "auth_group_permissions" ("id" integer NOT NULL PRIMARY KEY AUTOINCREMENT, "group_id" integer NOT NULL REFERENCES "auth_group" ("id") DEFERRABLE INITIALLY DEFERRED, "permission_id" integer NOT NULL REFERENCES "auth_permission" ("id") DEFERRABLE INITIALLY DEFERRED);
CREATE TABLE "auth_permission" ("id" integer NOT NULL PRIMARY KEY AUTOINCREMENT, "content_type_id" integer NOT NULL REFERENCES "django_content_type" ("id") DEFERRABLE INITIALLY DEFERRED, "codename" varchar(100) NOT NULL, "name" varchar(255) NOT NULL);
INSERT INTO "auth_permission" VALUES(1,1,'add_logentry','Can add log entry');
INSERT INTO "auth_permission" VALUES(2,1,'change_logentry','Can change log entry');
INSERT INTO "auth_permission" VALUES(3,1,'delete_logentry','Can delete log entry');
INSERT INTO "auth_permission" VALUES(4,1,'view_logentry','Can view log entry');
INSERT INTO "auth_permission" VALUES(5,2,'add_permission','Can add permission');
INSERT INTO "auth_permission" VALUES(6,2,'change_permission','Can change permission');
INSERT INTO "auth_permission" VALUES(7,2,'delete_permission','Can delete permission');
INSERT INTO "auth_permission" VALUES(8,2,'view_permission','Can view permission');
INSERT INTO "auth_permission" VALUES(9,3,'add_group','Can add group');
INSERT INTO "auth_permission" VALUES(10,3,'change_group','Can change group');
INSERT INTO "auth_permission" VALUES(11,3,'delete_group','Can delete group');
INSERT INTO "auth_permission" VALUES(12,3,'view_group','Can view group');
INSERT INTO "auth_permission" VALUES(13,4,'add_user','Can add user');
INSERT INTO "auth_permission" VALUES(14,4,'change_user','Can change user');
INSERT INTO "auth_permission" VALUES(15,4,'delete_user','Can delete user');
INSERT INTO "auth_permission" VALUES(16,4,'view_user','Can view user');
INSERT INTO "auth_permission" VALUES(17,5,'add_contenttype','Can add content type');
INSERT INTO "auth_permission" VALUES(18,5,'change_contenttype','Can change content type');
INSERT INTO "auth_permission" VALUES(19,5,'delete_contenttype','Can delete content type');
INSERT INTO "auth_permission" VALUES(20,5,'view_contenttype','Can view content type');
INSERT INTO "auth_permission" VALUES(21,6,'add_session','Can add session');
INSERT INTO "auth_permission" VALUES(22,6,'change_session','Can change session');
INSERT INTO "auth_permission" VALUES(23,6,'delete_session','Can delete session');
INSERT INTO "auth_permission" VALUES(24,6,'view_session','Can view session');
INSERT INTO "auth_permission" VALUES(25,7,'add_course','Can add course');
INSERT INTO "auth_permission" VALUES(26,7,'change_course','Can change course');
INSERT INTO "auth_permission" VALUES(27,7,'delete_course','Can delete course');
INSERT INTO "auth_permission" VALUES(28,7,'view_course','Can view course');
INSERT INTO "auth_permission" VALUES(29,8,'add_student','Can add student');
INSERT INTO "auth_permission" VALUES(30,8,'change_student','Can change student');
INSERT INTO "auth_permission" VALUES(31,8,'delete_student','Can delete student');
INSERT INTO "auth_permission" VALUES(32,8,'view_student','Can view student');
INSERT INTO "auth_permission" VALUES(33,9,'add_enrollment','Can add enrollment');
INSERT INTO "auth_permission" VALUES(34,9,'change_enrollment','Can change enrollment');
INSERT INTO "auth_permission" VALUES(35,9,'delete_enrollment','Can delete enrollment');
INSERT INTO "auth_permission" VALUES(36,9,'view_enrollment','Can view enrollment');
CREATE TABLE "auth_user" ("id" integer NOT NULL PRIMARY KEY AUTOINCREMENT, "password" varchar(128) NOT NULL, "last_login" datetime NULL, "is_superuser" bool NOT NULL, "username" varchar(150) NOT NULL UNIQUE, "last_name" varchar(150) NOT NULL, "email" varchar(254) NOT NULL, "is_staff" bool NOT NULL, "is_active" bool NOT NULL, "date_joined" datetime NOT NULL, "first_name" varchar(150) NOT NULL);
INSERT INTO "auth_user" VALUES(1,'pbkdf2_sha256$600000$s5P0CwX1KqcYit0B1JRvl5$sAttBUNLvgjjIQ4AScUGtrrkdV3ILN4IqlmgESoMTD4=','2024-07-18 05:14:01.596667',1,'hasnat','','',1,1,'2024-07-18 05:13:26.982773','');
CREATE TABLE "auth_user_groups" ("id" integer NOT NULL PRIMARY KEY AUTOINCREMENT, "user_id" integer NOT NULL REFERENCES "auth_user" ("id") DEFERRABLE INITIALLY DEFERRED, "group_id" integer NOT NULL REFERENCES "auth_group" ("id") DEFERRABLE INITIALLY DEFERRED);
CREATE TABLE "auth_user_user_permissions" ("id" integer NOT NULL PRIMARY KEY AUTOINCREMENT, "user_id" integer NOT NULL REFERENCES "auth_user" ("id") DEFERRABLE INITIALLY DEFERRED, "permission_id" integer NOT NULL REFERENCES "auth_permission" ("id") DEFERRABLE INITIALLY DEFERRED);
CREATE TABLE "django_admin_log" ("id" integer NOT NULL PRIMARY KEY AUTOINCREMENT, "object_id" text NULL, "object_repr" varchar(200) NOT NULL, "action_flag" smallint unsigned NOT NULL CHECK ("action_flag" >= 0), "change_message" text NOT NULL, "content_type_id" integer NULL REFERENCES "django_content_type" ("id") DEFERRABLE INITIALLY DEFERRED, "user_id" integer NOT NULL REFERENCES "auth_user" ("id") DEFERRABLE INITIALLY DEFERRED, "action_time" datetime NOT NULL);
INSERT INTO "django_admin_log" VALUES(1,'6','test Doe',3,'',8,1,'2024-07-18 06:03:08.205747');
INSERT INTO "django_admin_log" VALUES(2,'5','test Doe',3,'',8,1,'2024-07-18 06:03:08.223768');
INSERT INTO "django_admin_log" VALUES(3,'4','test Doe',3,'',8,1,'2024-07-18 06:03:08.233845');
INSERT INTO "django_admin_log" VALUES(4,'3','Hasnater Doe',3,'',8,1,'2024-07-18 06:03:08.240719');
INSERT INTO "django_admin_log" VALUES(5,'2','Hasnat Doe',3,'',8,1,'2024-07-18 06:03:08.243373');
INSERT INTO "django_admin_log" VALUES(6,'11','test Doe',3,'',8,1,'2024-07-18 06:20:59.670755');
INSERT INTO "django_admin_log" VALUES(7,'10','test Doe',3,'',8,1,'2024-07-18 06:20:59.683634');
INSERT INTO "django_admin_log" VALUES(8,'9','test Doe',3,'',8,1,'2024-07-18 06:20:59.699752');
INSERT INTO "django_admin_log" VALUES(9,'8','test Doe',3,'',8,1,'2024-07-18 06:20:59.706029');
INSERT INTO "django_admin_log" VALUES(10,'7','test Doe',3,'',8,1,'2024-07-18 06:20:59.716474');
INSERT INTO "django_admin_log" VALUES(11,'13','ggg sdf',1,'[{"added": {}}]',8,1,'2024-07-18 06:22:53.372262');
INSERT INTO "django_admin_log" VALUES(12,'14','fgd dgdgg',1,'[{"added": {}}]',8,1,'2024-07-18 06:23:08.063285');
INSERT INTO "django_admin_log" VALUES(13,'15','dfgdfgd ewrewrw',1,'[{"added": {}}]',8,1,'2024-07-18 06:23:22.028001');
INSERT INTO "django_admin_log" VALUES(14,'16','dghgfh sadsad',1,'[{"added": {}}]',8,1,'2024-07-18 06:23:37.136228');
INSERT INTO "django_admin_log" VALUES(15,'17','fgdgdh fff',1,'[{"added": {}}]',8,1,'2024-07-18 06:24:08.286481');
INSERT INTO "django_admin_log" VALUES(16,'17','fgdgdh fff',3,'',8,1,'2024-07-18 06:24:52.431379');
INSERT INTO "django_admin_log" VALUES(17,'16','dghgfh sadsad',3,'',8,1,'2024-07-18 06:24:52.453695');
INSERT INTO "django_admin_log" VALUES(18,'15','dfgdfgd ewrewrw',3,'',8,1,'2024-07-18 06:24:52.459433');
INSERT INTO "django_admin_log" VALUES(19,'14','fgd dgdgg',3,'',8,1,'2024-07-18 06:24:52.465325');
INSERT INTO "django_admin_log" VALUES(20,'13','ggg sdf',3,'',8,1,'2024-07-18 06:24:52.471829');
INSERT INTO "django_admin_log" VALUES(21,'12','test Doe',3,'',8,1,'2024-07-18 06:24:52.474532');
INSERT INTO "django_admin_log" VALUES(22,'18','dgdg eee',1,'[{"added": {}}]',8,1,'2024-07-18 06:25:15.163312');
INSERT INTO "django_admin_log" VALUES(23,'19','fdglkjd fdsf',1,'[{"added": {}}]',8,1,'2024-07-18 06:25:30.612913');
INSERT INTO "django_admin_log" VALUES(24,'20','dfgdg frwer',1,'[{"added": {}}]',8,1,'2024-07-18 06:25:49.166002');
INSERT INTO "django_admin_log" VALUES(25,'22','ertert rte',1,'[{"added": {}}]',8,1,'2024-07-18 06:37:02.747525');
INSERT INTO "django_admin_log" VALUES(26,'22','ertert rte',3,'',8,1,'2024-07-18 06:42:03.381383');
INSERT INTO "django_admin_log" VALUES(27,'21','test Doe',3,'',8,1,'2024-07-18 06:42:03.407864');
INSERT INTO "django_admin_log" VALUES(28,'20','dfgdg frwer',3,'',8,1,'2024-07-18 06:42:03.413715');
INSERT INTO "django_admin_log" VALUES(29,'19','fdglkjd fdsf',3,'',8,1,'2024-07-18 06:42:03.420098');
INSERT INTO "django_admin_log" VALUES(30,'18','dgdg eee',3,'',8,1,'2024-07-18 06:42:03.425984');
INSERT INTO "django_admin_log" VALUES(31,'30','eryrey werwrwe',1,'[{"added": {}}]',8,1,'2024-07-18 19:39:25.543533');
CREATE TABLE "django_content_type" ("id" integer NOT NULL PRIMARY KEY AUTOINCREMENT, "app_label" varchar(100) NOT NULL, "model" varchar(100) NOT NULL);
INSERT INTO "django_content_type" VALUES(1,'admin','logentry');
INSERT INTO "django_content_type" VALUES(2,'auth','permission');
INSERT INTO "django_content_type" VALUES(3,'auth','group');
INSERT INTO "django_content_type" VALUES(4,'auth','user');
INSERT INTO "django_content_type" VALUES(5,'contenttypes','contenttype');
INSERT INTO "django_content_type" VALUES(6,'sessions','session');
INSERT INTO "django_content_type" VALUES(7,'main','course');
INSERT INTO "django_content_type" VALUES(8,'main','student');
INSERT INTO "django_content_type" VALUES(9,'main','enrollment');
CREATE TABLE "django_migrations" ("id" integer NOT NULL PRIMARY KEY AUTOINCREMENT, "app" varchar(255) NOT NULL, "name" varchar(255) NOT NULL, "applied" datetime NOT NULL);
INSERT INTO "django_migrations" VALUES(1,'contenttypes','0001_initial','2024-07-17 17:33:56.449857');
INSERT INTO "django_migrations" VALUES(2,'auth','0001_initial','2024-07-17 17:33:56.477114');
INSERT INTO "django_migrations" VALUES(3,'admin','0001_initial','2024-07-17 17:33:56.512018');
INSERT INTO "django_migrations" VALUES(4,'admin','0002_logentry_remove_auto_add','2024-07-17 17:33:56.535603');
INSERT INTO "django_migrations" VALUES(5,'admin','0003_logentry_add_action_flag_choices','2024-07-17 17:33:56.545794');
INSERT INTO "django_migrations" VALUES(6,'contenttypes','0002_remove_content_type_name','2024-07-17 17:33:56.567884');
INSERT INTO "django_migrations" VALUES(7,'auth','0002_alter_permission_name_max_length','2024-07-17 17:33:56.584044');
INSERT INTO "django_migrations" VALUES(8,'auth','0003_alter_user_email_max_length','2024-07-17 17:33:56.600194');
INSERT INTO "django_migrations" VALUES(9,'auth','0004_alter_user_username_opts','2024-07-17 17:33:56.616184');
INSERT INTO "django_migrations" VALUES(10,'auth','0005_alter_user_last_login_null','2024-07-17 17:33:56.624183');
INSERT INTO "django_migrations" VALUES(11,'auth','0006_require_contenttypes_0002','2024-07-17 17:33:56.631719');
INSERT INTO "django_migrations" VALUES(12,'auth','0007_alter_validators_add_error_messages','2024-07-17 17:33:56.639822');
INSERT INTO "django_migrations" VALUES(13,'auth','0008_alter_user_username_max_length','2024-07-17 17:33:56.664920');
INSERT INTO "django_migrations" VALUES(14,'auth','0009_alter_user_last_name_max_length','2024-07-17 17:33:56.689376');
INSERT INTO "django_migrations" VALUES(15,'auth','0010_alter_group_name_max_length','2024-07-17 17:33:56.713106');
INSERT INTO "django_migrations" VALUES(16,'auth','0011_update_proxy_permissions','2024-07-17 17:33:56.729245');
INSERT INTO "django_migrations" VALUES(17,'auth','0012_alter_user_first_name_max_length','2024-07-17 17:33:56.747832');
INSERT INTO "django_migrations" VALUES(18,'main','0001_initial','2024-07-17 17:33:56.765450');
INSERT INTO "django_migrations" VALUES(19,'sessions','0001_initial','2024-07-17 17:33:56.778650');
INSERT INTO "django_migrations" VALUES(20,'main','0002_alter_course_title_alter_enrollment_unique_together','2024-07-17 18:34:30.741914');
INSERT INTO "django_migrations" VALUES(21,'main','0003_alter_student_date_of_birth','2024-07-18 19:33:49.958205');
CREATE TABLE "django_session" ("session_key" varchar(40) NOT NULL PRIMARY KEY, "session_data" text NOT NULL, "expire_date" datetime NOT NULL);
INSERT INTO "django_session" VALUES('2qmduutbcflpjj711d2m48smgls9yopq','.eJxVjEEOwiAQRe_C2hChMIJL9z0DGZhBqgaS0q6MdzckXej2v_f-WwTctxL2zmtYSFyFEqffLWJ6ch2AHljvTaZWt3WJcijyoF3Ojfh1O9y_g4K9jBqAtGZnMVsNkzf2Aj4zm6h8TESAyvPkkooez-zBWVbA1iZDmSCC-HwB6Rs4Uw:1sUJSr:F7rw80N60QkjHtRxVHrGgUF0FKsyjvB434e6vSl1wSk','2024-08-01 05:14:01.608396');
CREATE TABLE "main_course" ("id" integer NOT NULL PRIMARY KEY AUTOINCREMENT, "description" text NOT NULL, "start_date" date NOT NULL, "end_date" date NOT NULL, "title" varchar(200) NOT NULL UNIQUE);
INSERT INTO "main_course" VALUES(1,'A beginner-friendly course on Python programming.','2024-08-01','2024-12-01','Introduction to Python');
CREATE TABLE "main_enrollment" ("id" integer NOT NULL PRIMARY KEY AUTOINCREMENT, "enrollment_date" date NOT NULL, "course_id" bigint NOT NULL REFERENCES "main_course" ("id") DEFERRABLE INITIALLY DEFERRED, "student_id" bigint NOT NULL REFERENCES "main_student" ("id") DEFERRABLE INITIALLY DEFERRED);
INSERT INTO "main_enrollment" VALUES(1,'2024-07-17',1,1);
CREATE TABLE "main_student" ("id" integer NOT NULL PRIMARY KEY AUTOINCREMENT, "first_name" varchar(100) NOT NULL, "last_name" varchar(100) NOT NULL, "email" varchar(254) NOT NULL UNIQUE, "date_of_birth" date NOT NULL);
INSERT INTO "main_student" VALUES(1,'John','Doe','john.doe@example.com','2000-01-01');
INSERT INTO "main_student" VALUES(23,'test','Doe','test4.doe@example.com','2000-01-01');
INSERT INTO "main_student" VALUES(24,'test','Doe','test5.doe@example.com','2000-01-01');
INSERT INTO "main_student" VALUES(25,'test','Doe','test75.doe@example.com','2000-01-01');
INSERT INTO "main_student" VALUES(26,'hh','ff','wer@gmail.com','2000-01-01');
INSERT INTO "main_student" VALUES(27,'hh','ff','we45r@gmail.com','2000-01-01');
INSERT INTO "main_student" VALUES(28,'hh','ff','we45465r@gmail.com','2000-01-01');
INSERT INTO "main_student" VALUES(29,'hh','ff','we45655465r@gmail.com','2000-01-01');
INSERT INTO "main_student" VALUES(30,'eryrey','werwrwe','ewrw@gdg.com','2000-07-18');
INSERT INTO "main_student" VALUES(31,'John','Doe','joh345n.doe@example.com','2000-01-01');
DELETE FROM "sqlite_sequence";
INSERT INTO "sqlite_sequence" VALUES('django_migrations',21);
INSERT INTO "sqlite_sequence" VALUES('django_admin_log',31);
INSERT INTO "sqlite_sequence" VALUES('django_content_type',9);
INSERT INTO "sqlite_sequence" VALUES('auth_permission',36);
INSERT INTO "sqlite_sequence" VALUES('auth_group',0);
INSERT INTO "sqlite_sequence" VALUES('auth_user',1);
INSERT INTO "sqlite_sequence" VALUES('main_student',31);
INSERT INTO "sqlite_sequence" VALUES('main_course',1);
INSERT INTO "sqlite_sequence" VALUES('main_enrollment',1);
CREATE UNIQUE INDEX "auth_group_permissions_group_id_permission_id_0cd325b0_uniq" ON "auth_group_permissions" ("group_id", "permission_id");
CREATE INDEX "auth_group_permissions_group_id_b120cbf9" ON "auth_group_permissions" ("group_id");
CREATE INDEX "auth_group_permissions_permission_id_84c5c92e" ON "auth_group_permissions" ("permission_id");
CREATE UNIQUE INDEX "auth_user_groups_user_id_group_id_94350c0c_uniq" ON "auth_user_groups" ("user_id", "group_id");
CREATE INDEX "auth_user_groups_user_id_6a12ed8b" ON "auth_user_groups" ("user_id");
CREATE INDEX "auth_user_groups_group_id_97559544" ON "auth_user_groups" ("group_id");
CREATE UNIQUE INDEX "auth_user_user_permissions_user_id_permission_id_14a6b632_uniq" ON "auth_user_user_permissions" ("user_id", "permission_id");
CREATE INDEX "auth_user_user_permissions_user_id_a95ead1b" ON "auth_user_user_permissions" ("user_id");
CREATE INDEX "auth_user_user_permissions_permission_id_1fbb5f2c" ON "auth_user_user_permissions" ("permission_id");
CREATE INDEX "django_admin_log_content_type_id_c4bce8eb" ON "django_admin_log" ("content_type_id");
CREATE INDEX "django_admin_log_user_id_c564eba6" ON "django_admin_log" ("user_id");
CREATE UNIQUE INDEX "django_content_type_app_label_model_76bd3d3b_uniq" ON "django_content_type" ("app_label", "model");
CREATE UNIQUE INDEX "auth_permission_content_type_id_codename_01ab375a_uniq" ON "auth_permission" ("content_type_id", "codename");
CREATE INDEX "auth_permission_content_type_id_2f476e4b" ON "auth_permission" ("content_type_id");
CREATE INDEX "main_enrollment_course_id_2421a12e" ON "main_enrollment" ("course_id");
CREATE INDEX "main_enrollment_student_id_2270d951" ON "main_enrollment" ("student_id");
CREATE INDEX "django_session_expire_date_a5c62663" ON "django_session" ("expire_date");
CREATE UNIQUE INDEX "main_enrollment_student_id_course_id_56345ecf_uniq" ON "main_enrollment" ("student_id", "course_id");
COMMIT;
